,precision,recall,f1-score,support
Not Adopted,0.9520295202952029,0.9591078066914498,0.9555555555555556,269.0
Adopted,0.9153846153846154,0.9015151515151515,0.9083969465648855,132.0
accuracy,0.940149625935162,0.940149625935162,0.940149625935162,0.940149625935162
macro avg,0.9337070678399091,0.9303114791033007,0.9319762510602205,401.0
weighted avg,0.939966858329623,0.940149625935162,0.940032023418976,401.0
