{"precision":{"Not Adopted":0.9520295203,"Adopted":0.9153846154,"accuracy":0.9401496259,"macro avg":0.9337070678,"weighted avg":0.9399668583},"recall":{"Not Adopted":0.9591078067,"Adopted":0.9015151515,"accuracy":0.9401496259,"macro avg":0.9303114791,"weighted avg":0.9401496259},"f1-score":{"Not Adopted":0.9555555556,"Adopted":0.9083969466,"accuracy":0.9401496259,"macro avg":0.9319762511,"weighted avg":0.9400320234},"support":{"Not Adopted":269.0,"Adopted":132.0,"accuracy":0.9401496259,"macro avg":401.0,"weighted avg":401.0}}
